DataPoint,UnixTime,SessionTime,Wheel_RPM_Left,Wheel_RPM_Right,Stroke1_mm,Stroke2_mm,I_SENSE(A),TMP(C),APPS(%),BPPS(%),AMS_OK,IMD_OK,HV_ON,BSPD_OK,GPS_Lat,GPS_Lng,GPS_Age,GPS_Course,GPS_Speed,IMU_AccelX,IMU_AccelY,IMU_AccelZ,IMU_GyroX,IMU_GyroY,IMU_GyroZ,BAMOVolt(V),BAMOAmp(A),BAMOPower(W),MotorTemp(C),BAMOTemp(C)
2,1000000000001,2136,9330.00,0.00,32.09,0.00,0.00,0.00,0.00,0.00,0,0,0,0,0.0000,0.0000,0.00,0.00,0.00,0.000,0.000,0.000,0.000,0.000,0.000,0.00,0.00,0.00,0.0,0.0,
3,1000000000201,2336,24.00,0.00,31.78,0.05,0.00,0.00,0.00,0.00,0,0,0,0,0.0000,0.0000,0.00,0.00,0.00,0.000,0.000,0.000,0.000,0.000,0.000,0.00,0.00,0.00,0.0,0.0,
4,1000000000401,2536,18.00,0.00,30.53,41.01,0.00,0.00,0.00,0.00,0,0,0,0,0.0000,0.0000,0.00,0.00,0.00,0.000,0.000,0.000,0.000,0.000,0.000,0.00,0.00,0.00,0.0,0.0,
5,1000000000601,2736,2046.00,0.00,31.48,0.00,0.00,0.00,0.00,0.00,0,0,0,0,0.0000,0.0000,0.00,0.00,0.00,0.000,0.000,0.000,0.000,0.000,0.000,0.00,0.00,0.00,0.0,0.0,
6,1000000000801,2936,702.00,0.00,30.86,19.30,0.00,0.00,0.00,0.00,0,0,0,0,0.0000,0.0000,0.00,0.00,0.00,0.000,0.000,0.000,0.000,0.000,0.000,0.00,0.00,0.00,0.0,0.0,
7,1000000002001,3136,588.00,0.00,31.30,0.22,0.00,0.00,0.00,0.00,0,0,0,0,0.0000,0.0000,0.00,0.00,0.00,0.000,0.000,0.000,0.000,0.000,0.000,0.00,0.00,0.00,0.0,0.0,
8,1000000002201,3336,438.00,0.00,30.81,3.17,0.00,0.00,0.00,0.00,0,0,0,0,0.0000,0.0000,0.00,0.00,0.00,0.000,0.000,0.000,0.000,0.000,0.000,0.00,0.00,0.00,0.0,0.0,
9,1000000002401,3536,582.00,0.00,31.52,0.00,0.00,0.00,0.00,0.00,0,0,0,0,0.0000,0.0000,0.00,0.00,0.00,0.000,0.000,0.000,0.000,0.000,0.000,0.00,0.00,0.00,0.0,0.0,
10,1000000002601,3736,600.00,0.00,31.87,0.00,0.00,0.00,0.00,0.00,0,0,0,0,0.0000,0.0000,0.00,0.00,0.00,0.000,0.000,0.000,0.000,0.000,0.000,0.00,0.00,0.00,0.0,0.0,
11,1000000002801,3936,558.00,0.00,31.96,0.00,0.00,0.00,0.00,0.00,0,0,0,0,0.0000,0.0000,0.00,0.00,0.00,0.000,0.000,0.000,0.000,0.000,0.000,0.00,0.00,0.00,0.0,0.0,
12,1000000004001,4136,576.00,0.00,31.78,0.00,0.00,0.00,0.00,0.00,0,0,0,0,0.0000,0.0000,0.00,0.00,0.00,0.000,0.000,0.000,0.000,0.000,0.000,0.00,0.00,0.00,0.0,0.0,
13,1000000004201,4336,666.00,0.00,31.63,0.26,0.00,0.00,0.00,0.00,0,0,0,0,0.0000,0.0000,0.00,0.00,0.00,0.000,0.000,0.000,0.000,0.000,0.000,0.00,0.00,0.00,0.0,0.0,
14,1000000004401,4536,696.00,0.00,31.56,0.00,0.00,0.00,0.00,0.00,0,0,0,0,0.0000,0.0000,0.00,0.00,0.00,0.000,0.000,0.000,0.000,0.000,0.000,0.00,0.00,0.00,0.0,0.0,
15,1000000004601,4736,714.00,0.00,31.78,0.00,0.00,0.00,0.00,0.00,0,0,0,0,0.0000,0.0000,0.00,0.00,0.00,0.000,0.000,0.000,0.000,0.000,0.000,0.00,0.00,0.00,0.0,0.0,
16,1000000004801,4936,2958.00,0.00,32.14,0.00,0.00,0.00,0.00,0.00,0,0,0,0,0.0000,0.0000,0.00,0.00,0.00,0.000,0.000,0.000,0.000,0.000,0.000,0.00,0.00,0.00,0.0,0.0,
17,1000000006001,5136,738.00,0.00,31.79,0.00,0.00,0.00,0.00,0.00,0,0,0,0,0.0000,0.0000,0.00,0.00,0.00,0.000,0.000,0.000,0.000,0.000,0.000,0.00,0.00,0.00,0.0,0.0,
18,1000000006201,5336,4992.00,0.00,31.56,0.79,0.00,0.00,0.00,0.00,0,0,0,0,0.0000,0.0000,0.00,0.00,0.00,0.000,0.000,0.000,0.000,0.000,0.000,0.00,0.00,0.00,0.0,0.0,
19,1000000006401,5536,234.00,0.00,31.63,0.00,0.00,0.00,0.00,0.00,0,0,0,0,0.0000,0.0000,0.00,0.00,0.00,0.000,0.000,0.000,0.000,0.000,0.000,0.00,0.00,0.00,0.0,0.0,
20,1000000006601,5736,3672.00,0.00,30.57,53.50,0.00,0.00,0.00,0.00,0,0,0,0,0.0000,0.0000,0.00,0.00,0.00,0.000,0.000,0.000,0.000,0.000,0.000,0.00,0.00,0.00,0.0,0.0,
21,1768206956801,5936,600.00,0.00,31.50,0.00,0.00,0.00,0.00,0.00,0,0,0,0,0.0000,0.0000,0.00,0.00,0.00,0.000,0.000,0.000,0.000,0.000,0.000,0.00,0.00,0.00,0.0,0.0,
22,1768206957001,6136,3264.00,0.00,30.37,10.13,0.00,0.00,0.00,0.00,0,0,0,0,0.0000,0.0000,0.00,0.00,0.00,0.000,0.000,0.000,0.000,0.000,0.000,0.00,0.00,0.00,0.0,0.0,
23,1768206957201,6336,654.00,0.00,31.61,0.11,0.00,0.00,0.00,0.00,0,0,0,0,0.0000,0.0000,0.00,0.00,0.00,0.000,0.000,0.000,0.000,0.000,0.000,0.00,0.00,0.00,0.0,0.0,
24,1768206958401,6536,2862.00,0.00,31.15,0.00,0.00,0.00,0.00,0.00,0,0,0,0,0.0000,0.0000,0.00,0.00,0.00,0.000,0.000,0.000,0.000,0.000,0.000,0.00,0.00,0.00,0.0,0.0,
25,1768206958601,6736,2898.00,0.00,31.85,71.89,0.00,0.00,0.00,0.00,0,0,0,0,0.0000,0.0000,0.00,0.00,0.00,0.000,0.000,0.000,0.000,0.000,0.000,0.00,0.00,0.00,0.0,0.0,
26,1768206958801,6936,2748.00,0.00,31.56,0.00,0.00,0.00,0.00,0.00,0,0,0,0,0.0000,0.0000,0.00,0.00,0.00,0.000,0.000,0.000,0.000,0.000,0.000,0.00,0.00,0.00,0.0,0.0,
27,1768206959001,7136,1014.00,0.00,31.30,0.16,0.00,0.00,0.00,0.00,0,0,0,0,0.0000,0.0000,0.00,0.00,0.00,0.000,0.000,0.000,0.000,0.000,0.000,0.00,0.00,0.00,0.0,0.0,
28,1768206959201,7336,246.00,0.00,32.38,0.00,0.00,0.00,0.00,0.00,0,0,0,0,0.0000,0.0000,0.00,0.00,0.00,0.000,0.000,0.000,0.000,0.000,0.000,0.00,0.00,0.00,0.0,0.0,
29,1768206960401,7536,900.00,0.00,32.07,0.00,0.00,0.00,0.00,0.00,0,0,0,0,0.0000,0.0000,0.00,0.00,0.00,0.000,0.000,0.000,0.000,0.000,0.000,0.00,0.00,0.00,0.0,0.0,
30,1768206960601,7736,516.00,0.00,31.81,0.00,0.00,0.00,0.00,0.00,0,0,0,0,0.0000,0.0000,0.00,0.00,0.00,0.000,0.000,0.000,0.000,0.000,0.000,0.00,0.00,0.00,0.0,0.0,
31,1768206960801,7936,774.00,0.00,30.93,24.27,0.00,0.00,0.00,0.00,0,0,0,0,0.0000,0.0000,0.00,0.00,0.00,0.000,0.000,0.000,0.000,0.000,0.000,0.00,0.00,0.00,0.0,0.0,
32,1768206961001,8136,576.00,0.00,31.59,0.00,0.00,0.00,0.00,0.00,0,0,0,0,0.0000,0.0000,0.00,0.00,0.00,0.000,0.000,0.000,0.000,0.000,0.000,0.00,0.00,0.00,0.0,0.0,
33,1768206961201,8336,498.00,0.00,31.85,0.00,0.00,0.00,0.00,0.00,0,0,0,0,0.0000,0.0000,0.00,0.00,0.00,0.000,0.000,0.000,0.000,0.000,0.000,0.00,0.00,0.00,0.0,0.0,
34,1768206962401,8536,342.00,0.00,32.03,0.09,0.00,0.00,0.00,0.00,0,0,0,0,0.0000,0.0000,0.00,0.00,0.00,0.000,0.000,0.000,0.000,0.000,0.000,0.00,0.00,0.00,0.0,0.0,
35,1768206962601,8736,342.00,0.00,32.44,0.00,0.00,0.00,0.00,0.00,0,0,0,0,0.0000,0.0000,0.00,0.00,0.00,0.000,0.000,0.000,0.000,0.000,0.000,0.00,0.00,0.00,0.0,0.0,
36,1768206962801,8936,306.00,0.00,32.18,0.04,0.00,0.00,0.00,0.00,0,0,0,0,0.0000,0.0000,0.00,0.00,0.00,0.000,0.000,0.000,0.000,0.000,0.000,0.00,0.00,0.00,0.0,0.0,
37,1768206963001,9136,360.00,0.00,32.07,0.00,0.00,0.00,0.00,0.00,0,0,0,0,0.0000,0.0000,0.00,0.00,0.00,0.000,0.000,0.000,0.000,0.000,0.000,0.00,0.00,0.00,0.0,0.0,
38,1768206963201,9336,540.00,0.00,32.14,0.00,0.00,0.00,0.00,0.00,0,0,0,0,0.0000,0.0000,0.00,0.00,0.00,0.000,0.000,0.000,0.000,0.000,0.000,0.00,0.00,0.00,0.0,0.0,
39,1768206964401,9536,408.00,0.00,32.33,0.00,0.00,0.00,0.00,0.00,0,0,0,0,0.0000,0.0000,0.00,0.00,0.00,0.000,0.000,0.000,0.000,0.000,0.000,0.00,0.00,0.00,0.0,0.0,
40,1768206964601,9736,444.00,0.00,31.89,0.00,0.00,0.00,0.00,0.00,0,0,0,0,0.0000,0.0000,0.00,0.00,0.00,0.000,0.000,0.000,0.000,0.000,0.000,0.00,0.00,0.00,0.0,0.0,
41,1768206964801,9936,420.00,0.00,31.87,0.16,0.00,0.00,0.00,0.00,0,0,0,0,0.0000,0.0000,0.00,0.00,0.00,0.000,0.000,0.000,0.000,0.000,0.000,0.00,0.00,0.00,0.0,0.0,
42,1768206965001,10136,426.00,0.00,30.82,52.14,0.00,0.00,0.00,0.00,0,0,0,0,0.0000,0.0000,0.00,0.00,0.00,0.000,0.000,0.000,0.000,0.000,0.000,0.00,0.00,0.00,0.0,0.0,
43,1768206965201,10336,420.00,0.00,31.81,0.07,0.00,0.00,0.00,0.00,0,0,0,0,0.0000,0.0000,0.00,0.00,0.00,0.000,0.000,0.000,0.000,0.000,0.000,0.00,0.00,0.00,0.0,0.0,
44,1768206966401,10536,282.00,0.00,31.21,29.19,0.00,0.00,0.00,0.00,0,0,0,0,0.0000,0.0000,0.00,0.00,0.00,0.000,0.000,0.000,0.000,0.000,0.000,0.00,0.00,0.00,0.0,0.0,
45,1768206966601,10736,378.00,0.00,31.59,0.00,0.00,0.00,0.00,0.00,0,0,0,0,0.0000,0.0000,0.00,0.00,0.00,0.000,0.000,0.000,0.000,0.000,0.000,0.00,0.00,0.00,0.0,0.0,
46,1768206966801,10936,336.00,0.00,31.59,0.13,0.00,0.00,0.00,0.00,0,0,0,0,0.0000,0.0000,0.00,0.00,0.00,0.000,0.000,0.000,0.000,0.000,0.000,0.00,0.00,0.00,0.0,0.0,
47,1768206967001,11136,276.00,0.00,31.87,0.00,0.00,0.00,0.00,0.00,0,0,0,0,0.0000,0.0000,0.00,0.00,0.00,0.000,0.000,0.000,0.000,0.000,0.000,0.00,0.00,0.00,0.0,0.0,
48,1768206967201,11336,336.00,0.00,31.74,0.24,0.00,0.00,0.00,0.00,0,0,0,0,0.0000,0.0000,0.00,0.00,0.00,0.000,0.000,0.000,0.000,0.000,0.000,0.00,0.00,0.00,0.0,0.0,
49,1768206968401,11536,360.00,0.00,32.07,0.00,0.00,0.00,0.00,0.00,0,0,0,0,0.0000,0.0000,0.00,0.00,0.00,0.000,0.000,0.000,0.000,0.000,0.000,0.00,0.00,0.00,0.0,0.0,
50,1768206968601,11736,378.00,0.00,31.79,1.41,0.00,0.00,0.00,0.00,0,0,0,0,0.0000,0.0000,0.00,0.00,0.00,0.000,0.000,0.000,0.000,0.000,0.000,0.00,0.00,0.00,0.0,0.0,
51,1768206968801,11936,456.00,0.00,31.59,7.56,0.00,0.00,0.00,0.00,0,0,0,0,0.0000,0.0000,0.00,0.00,0.00,0.000,0.000,0.000,0.000,0.000,0.000,0.00,0.00,0.00,0.0,0.0,
52,1768206969001,12136,438.00,0.00,31.87,0.00,0.00,0.00,0.00,0.00,0,0,0,0,0.0000,0.0000,0.00,0.00,0.00,0.000,0.000,0.000,0.000,0.000,0.000,0.00,0.00,0.00,0.0,0.0,
53,1768206969201,12336,534.00,0.00,32.36,0.00,0.00,0.00,0.00,0.00,0,0,0,0,0.0000,0.0000,0.00,0.00,0.00,0.000,0.000,0.000,0.000,0.000,0.000,0.00,0.00,0.00,0.0,0.0,
54,1768206970401,12536,378.00,0.00,32.03,0.00,0.00,0.00,0.00,0.00,0,0,0,0,0.0000,0.0000,0.00,0.00,0.00,0.000,0.000,0.000,0.000,0.000,0.000,0.00,0.00,0.00,0.0,0.0,
55,1768206970601,12736,384.00,0.00,32.31,0.00,0.00,0.00,0.00,0.00,0,0,0,0,0.0000,0.0000,0.00,0.00,0.00,0.000,0.000,0.000,0.000,0.000,0.000,0.00,0.00,0.00,0.0,0.0,
56,1768206970801,12936,744.00,0.00,31.98,0.00,0.00,0.00,0.00,0.00,0,0,0,0,0.0000,0.0000,0.00,0.00,0.00,0.000,0.000,0.000,0.000,0.000,0.000,0.00,0.00,0.00,0.0,0.0,
57,1768206971001,13136,72.00,0.00,31.61,0.00,0.00,0.00,0.00,0.00,0,0,0,0,0.0000,0.0000,0.00,0.00,0.00,0.000,0.000,0.000,0.000,0.000,0.000,0.00,0.00,0.00,0.0,0.0,
58,1768206971201,13336,102.00,0.00,32.07,0.00,0.00,0.00,0.00,0.00,0,0,0,0,0.0000,0.0000,0.00,0.00,0.00,0.000,0.000,0.000,0.000,0.000,0.000,0.00,0.00,0.00,0.0,0.0,
59,1768206972401,13536,48.00,0.00,32.07,0.00,0.00,0.00,0.00,0.00,0,0,0,0,0.0000,0.0000,0.00,0.00,0.00,0.000,0.000,0.000,0.000,0.000,0.000,0.00,0.00,0.00,0.0,0.0,
60,1768206972601,13736,66.00,0.00,32.16,0.00,0.00,0.00,0.00,0.00,0,0,0,0,0.0000,0.0000,0.00,0.00,0.00,0.000,0.000,0.000,0.000,0.000,0.000,0.00,0.00,0.00,0.0,0.0,
61,1768206972801,13936,72.00,0.00,32.11,0.00,0.00,0.00,0.00,0.00,0,0,0,0,0.0000,0.0000,0.00,0.00,0.00,0.000,0.000,0.000,0.000,0.000,0.000,0.00,0.00,0.00,0.0,0.0,
62,1768206973001,14136,54.00,0.00,31.63,0.00,0.00,0.00,0.00,0.00,0,0,0,0,0.0000,0.0000,0.00,0.00,0.00,0.000,0.000,0.000,0.000,0.000,0.000,0.00,0.00,0.00,0.0,0.0,
63,1768206973201,14336,54.00,0.00,31.56,0.46,0.00,0.00,0.00,0.00,0,0,0,0,0.0000,0.0000,0.00,0.00,0.00,0.000,0.000,0.000,0.000,0.000,0.000,0.00,0.00,0.00,0.0,0.0,
64,1768206974401,14536,36.00,0.00,31.59,0.00,0.00,0.00,0.00,0.00,0,0,0,0,0.0000,0.0000,0.00,0.00,0.00,0.000,0.000,0.000,0.000,0.000,0.000,0.00,0.00,0.00,0.0,0.0,
65,1768206974601,14736,6.00,0.00,31.78,0.00,0.00,0.00,0.00,0.00,0,0,0,0,0.0000,0.0000,0.00,0.00,0.00,0.000,0.000,0.000,0.000,0.000,0.000,0.00,0.00,0.00,0.0,0.0,
66,1768206974801,14936,42.00,0.00,32.07,0.00,0.00,0.00,0.00,0.00,0,0,0,0,0.0000,0.0000,0.00,0.00,0.00,0.000,0.000,0.000,0.000,0.000,0.000,0.00,0.00,0.00,0.0,0.0,
67,1768206975001,15136,48.00,0.00,31.63,0.00,0.00,0.00,0.00,0.00,0,0,0,0,0.0000,0.0000,0.00,0.00,0.00,0.000,0.000,0.000,0.000,0.000,0.000,0.00,0.00,0.00,0.0,0.0,
68,1768206975201,15336,60.00,0.00,32.11,0.00,0.00,0.00,0.00,0.00,0,0,0,0,0.0000,0.0000,0.00,0.00,0.00,0.000,0.000,0.000,0.000,0.000,0.000,0.00,0.00,0.00,0.0,0.0,
69,1768206976401,15536,12.00,0.00,32.05,0.16,0.00,0.00,0.00,0.00,0,0,0,0,0.0000,0.0000,0.00,0.00,0.00,0.000,0.000,0.000,0.000,0.000,0.000,0.00,0.00,0.00,0.0,0.0,
70,1768206976601,15736,42.00,0.00,32.03,0.00,0.00,0.00,0.00,0.00,0,0,0,0,0.0000,0.0000,0.00,0.00,0.00,0.000,0.000,0.000,0.000,0.000,0.000,0.00,0.00,0.00,0.0,0.0,
71,1768206976801,15936,12.00,0.00,32.09,0.11,0.00,0.00,0.00,0.00,0,0,0,0,0.0000,0.0000,0.00,0.00,0.00,0.000,0.000,0.000,0.000,0.000,0.000,0.00,0.00,0.00,0.0,0.0,
72,1768206977001,16136,66.00,0.00,32.33,0.00,0.00,0.00,0.00,0.00,0,0,0,0,0.0000,0.0000,0.00,0.00,0.00,0.000,0.000,0.000,0.000,0.000,0.000,0.00,0.00,0.00,0.0,0.0,
73,1768206977201,16336,30.00,0.00,32.11,0.00,0.00,0.00,0.00,0.00,0,0,0,0,0.0000,0.0000,0.00,0.00,0.00,0.000,0.000,0.000,0.000,0.000,0.000,0.00,0.00,0.00,0.0,0.0,
74,1768206978401,16536,24.00,0.00,31.56,0.15,0.00,0.00,0.00,0.00,0,0,0,0,0.0000,0.0000,0.00,0.00,0.00,0.000,0.000,0.000,0.000,0.000,0.000,0.00,0.00,0.00,0.0,0.0,
75,1768206978601,16736,30.00,0.00,31.45,0.07,0.00,0.00,0.00,0.00,0,0,0,0,0.0000,0.0000,0.00,0.00,0.00,0.000,0.000,0.000,0.000,0.000,0.000,0.00,0.00,0.00,0.0,0.0,
76,1768206978801,16936,48.00,0.00,31.81,0.05,0.00,0.00,0.00,0.00,0,0,0,0,0.0000,0.0000,0.00,0.00,0.00,0.000,0.000,0.000,0.000,0.000,0.000,0.00,0.00,0.00,0.0,0.0,
77,1768206979001,17136,72.00,0.00,32.11,0.00,0.00,0.00,0.00,0.00,0,0,0,0,0.0000,0.0000,0.00,0.00,0.00,0.000,0.000,0.000,0.000,0.000,0.000,0.00,0.00,0.00,0.0,0.0,
78,1768206979201,17336,60.00,0.00,31.92,0.00,0.00,0.00,0.00,0.00,0,0,0,0,0.0000,0.0000,0.00,0.00,0.00,0.000,0.000,0.000,0.000,0.000,0.000,0.00,0.00,0.00,0.0,0.0,
79,1768206980401,17536,66.00,0.00,32.00,0.00,0.00,0.00,0.00,0.00,0,0,0,0,0.0000,0.0000,0.00,0.00,0.00,0.000,0.000,0.000,0.000,0.000,0.000,0.00,0.00,0.00,0.0,0.0,
80,1768206980601,17736,48.00,0.00,30.90,42.88,0.00,0.00,0.00,0.00,0,0,0,0,0.0000,0.0000,0.00,0.00,0.00,0.000,0.000,0.000,0.000,0.000,0.000,0.00,0.00,0.00,0.0,0.0,
81,1768206980801,17936,276.00,0.00,32.07,0.00,0.00,0.00,0.00,0.00,0,0,0,0,0.0000,0.0000,0.00,0.00,0.00,0.000,0.000,0.000,0.000,0.000,0.000,0.00,0.00,0.00,0.0,0.0,
82,1768206981001,18136,48.00,0.00,32.16,0.00,0.00,0.00,0.00,0.00,0,0,0,0,0.0000,0.0000,0.00,0.00,0.00,0.000,0.000,0.000,0.000,0.000,0.000,0.00,0.00,0.00,0.0,0.0,
83,1768206981201,18336,36.00,0.00,31.89,0.00,0.00,0.00,0.00,0.00,0,0,0,0,0.0000,0.0000,0.00,0.00,0.00,0.000,0.000,0.000,0.000,0.000,0.000,0.00,0.00,0.00,0.0,0.0,
84,1768206982401,18536,84.00,0.00,32.07,0.00,0.00,0.00,0.00,0.00,0,0,0,0,0.0000,0.0000,0.00,0.00,0.00,0.000,0.000,0.000,0.000,0.000,0.000,0.00,0.00,0.00,0.0,0.0,
85,1768206982601,18736,54.00,0.00,31.74,0.00,0.00,0.00,0.00,0.00,0,0,0,0,0.0000,0.0000,0.00,0.00,0.00,0.000,0.000,0.000,0.000,0.000,0.000,0.00,0.00,0.00,0.0,0.0,
86,1768206982801,18936,66.00,0.00,32.14,0.00,0.00,0.00,0.00,0.00,0,0,0,0,0.0000,0.0000,0.00,0.00,0.00,0.000,0.000,0.000,0.000,0.000,0.000,0.00,0.00,0.00,0.0,0.0,
87,1768206983001,19136,24.00,0.00,31.87,0.00,0.00,0.00,0.00,0.00,0,0,0,0,0.0000,0.0000,0.00,0.00,0.00,0.000,0.000,0.000,0.000,0.000,0.000,0.00,0.00,0.00,0.0,0.0,
88,1768206983201,19336,6.00,0.00,32.09,0.00,0.00,0.00,0.00,0.00,0,0,0,0,0.0000,0.0000,0.00,0.00,0.00,0.000,0.000,0.000,0.000,0.000,0.000,0.00,0.00,0.00,0.0,0.0,
89,1768206984401,19536,18.00,0.00,32.18,0.00,0.00,0.00,0.00,0.00,0,0,0,0,0.0000,0.0000,0.00,0.00,0.00,0.000,0.000,0.000,0.000,0.000,0.000,0.00,0.00,0.00,0.0,0.0,
90,1768206984601,19736,12.00,0.00,31.79,0.13,0.00,0.00,0.00,0.00,0,0,0,0,0.0000,0.0000,0.00,0.00,0.00,0.000,0.000,0.000,0.000,0.000,0.000,0.00,0.00,0.00,0.0,0.0,
91,1768206984801,19936,18.00,0.00,30.90,0.97,0.00,0.00,0.00,0.00,0,0,0,0,0.0000,0.0000,0.00,0.00,0.00,0.000,0.000,0.000,0.000,0.000,0.000,0.00,0.00,0.00,0.0,0.0,
92,1768206985001,20136,12.00,0.00,31.63,0.00,0.00,0.00,0.00,0.00,0,0,0,0,0.0000,0.0000,0.00,0.00,0.00,0.000,0.000,0.000,0.000,0.000,0.000,0.00,0.00,0.00,0.0,0.0,
93,1768206985201,20336,6.00,0.00,31.81,13.24,0.00,0.00,0.00,0.00,0,0,0,0,0.0000,0.0000,0.00,0.00,0.00,0.000,0.000,0.000,0.000,0.000,0.000,0.00,0.00,0.00,0.0,0.0,
94,1768206986401,20536,12.00,0.00,31.01,0.11,0.00,0.00,0.00,0.00,0,0,0,0,0.0000,0.0000,0.00,0.00,0.00,0.000,0.000,0.000,0.000,0.000,0.000,0.00,0.00,0.00,0.0,0.0,
95,1768206986601,20736,12.00,0.00,31.78,0.02,0.00,0.00,0.00,0.00,0,0,0,0,0.0000,0.0000,0.00,0.00,0.00,0.000,0.000,0.000,0.000,0.000,0.000,0.00,0.00,0.00,0.0,0.0,
96,1768206986801,20936,18.00,0.00,32.00,0.00,0.00,0.00,0.00,0.00,0,0,0,0,0.0000,0.0000,0.00,0.00,0.00,0.000,0.000,0.000,0.000,0.000,0.000,0.00,0.00,0.00,0.0,0.0,
97,1768206987001,21136,6.00,0.00,32.22,0.00,0.00,0.00,0.00,0.00,0,0,0,0,0.0000,0.0000,0.00,0.00,0.00,0.000,0.000,0.000,0.000,0.000,0.000,0.00,0.00,0.00,0.0,0.0,
98,1768206987201,21336,18.00,0.00,32.00,0.00,0.00,0.00,0.00,0.00,0,0,0,0,0.0000,0.0000,0.00,0.00,0.00,0.000,0.000,0.000,0.000,0.000,0.000,0.00,0.00,0.00,0.0,0.0,
99,1768206988401,21536,12.00,0.00,31.89,0.00,0.00,0.00,0.00,0.00,0,0,0,0,0.0000,0.0000,0.00,0.00,0.00,0.000,0.000,0.000,0.000,0.000,0.000,0.00,0.00,0.00,0.0,0.0,
100,1768206988601,21736,0.00,0.00,31.76,0.00,0.00,0.00,0.00,0.00,0,0,0,0,0.0000,0.0000,0.00,0.00,0.00,0.000,0.000,0.000,0.000,0.000,0.000,0.00,0.00,0.00,0.0,0.0,
101,1768206988801,21936,12.00,0.00,31.92,0.22,0.00,0.00,0.00,0.00,0,0,0,0,0.0000,0.0000,0.00,0.00,0.00,0.000,0.000,0.000,0.000,0.000,0.000,0.00,0.00,0.00,0.0,0.0,
102,1768206989001,22136,24.00,0.00,32.40,0.00,0.00,0.00,0.00,0.00,0,0,0,0,0.0000,0.0000,0.00,0.00,0.00,0.000,0.000,0.000,0.000,0.000,0.000,0.00,0.00,0.00,0.0,0.0,
103,1768206989201,22336,48.00,0.00,31.59,0.00,0.00,0.00,0.00,0.00,0,0,0,0,0.0000,0.0000,0.00,0.00,0.00,0.000,0.000,0.000,0.000,0.000,0.000,0.00,0.00,0.00,0.0,0.0,
104,1768206990401,22536,30.00,0.00,31.81,0.02,0.00,0.00,0.00,0.00,0,0,0,0,0.0000,0.0000,0.00,0.00,0.00,0.000,0.000,0.000,0.000,0.000,0.000,0.00,0.00,0.00,0.0,0.0,
105,1768206990601,22736,60.00,0.00,32.11,0.00,0.00,0.00,0.00,0.00,0,0,0,0,0.0000,0.0000,0.00,0.00,0.00,0.000,0.000,0.000,0.000,0.000,0.000,0.00,0.00,0.00,0.0,0.0,
106,1768206990801,22936,36.00,0.00,32.20,0.00,0.00,0.00,0.00,0.00,0,0,0,0,0.0000,0.0000,0.00,0.00,0.00,0.000,0.000,0.000,0.000,0.000,0.000,0.00,0.00,0.00,0.0,0.0,
107,1768206991001,23136,72.00,0.00,32.44,0.00,0.00,0.00,0.00,0.00,0,0,0,0,0.0000,0.0000,0.00,0.00,0.00,0.000,0.000,0.000,0.000,0.000,0.000,0.00,0.00,0.00,0.0,0.0,
108,1768206991201,23336,30.00,0.00,31.56,0.33,0.00,0.00,0.00,0.00,0,0,0,0,0.0000,0.0000,0.00,0.00,0.00,0.000,0.000,0.000,0.000,0.000,0.000,0.00,0.00,0.00,0.0,0.0,
109,1768206992401,23536,66.00,0.00,31.92,0.00,0.00,0.00,0.00,0.00,0,0,0,0,0.0000,0.0000,0.00,0.00,0.00,0.000,0.000,0.000,0.000,0.000,0.000,0.00,0.00,0.00,0.0,0.0,
110,1768206992601,23736,42.00,0.00,31.92,0.00,0.00,0.00,0.00,0.00,0,0,0,0,0.0000,0.0000,0.00,0.00,0.00,0.000,0.000,0.000,0.000,0.000,0.000,0.00,0.00,0.00,0.0,0.0,
111,1768206992801,23936,48.00,0.00,31.76,0.00,0.00,0.00,0.00,0.00,0,0,0,0,0.0000,0.0000,0.00,0.00,0.00,0.000,0.000,0.000,0.000,0.000,0.000,0.00,0.00,0.00,0.0,0.0,
112,1768206993001,24136,48.00,0.00,32.36,0.00,0.00,0.00,0.00,0.00,0,0,0,0,0.0000,0.0000,0.00,0.00,0.00,0.000,0.000,0.000,0.000,0.000,0.000,0.00,0.00,0.00,0.0,0.0,
113,1768206993201,24336,66.00,0.00,32.03,0.00,0.00,0.00,0.00,0.00,0,0,0,0,0.0000,0.0000,0.00,0.00,0.00,0.000,0.000,0.000,0.000,0.000,0.000,0.00,0.00,0.00,0.0,0.0,
114,1768206994401,24536,54.00,0.00,32.03,0.00,0.00,0.00,0.00,0.00,0,0,0,0,0.0000,0.0000,0.00,0.00,0.00,0.000,0.000,0.000,0.000,0.000,0.000,0.00,0.00,0.00,0.0,0.0,
115,1768206994601,24736,96.00,0.00,30.62,31.56,0.00,0.00,0.00,0.00,0,0,0,0,0.0000,0.0000,0.00,0.00,0.00,0.000,0.000,0.000,0.000,0.000,0.000,0.00,0.00,0.00,0.0,0.0,
116,1768206994801,24936,102.00,0.00,31.85,0.09,0.00,0.00,0.00,0.00,0,0,0,0,0.0000,0.0000,0.00,0.00,0.00,0.000,0.000,0.000,0.000,0.000,0.000,0.00,0.00,0.00,0.0,0.0,
117,1768206995001,25136,60.00,0.00,30.97,38.30,0.00,0.00,0.00,0.00,0,0,0,0,0.0000,0.0000,0.00,0.00,0.00,0.000,0.000,0.000,0.000,0.000,0.000,0.00,0.00,0.00,0.0,0.0,
118,1768206995201,25336,42.00,0.00,31.89,0.09,0.00,0.00,0.00,0.00,0,0,0,0,0.0000,0.0000,0.00,0.00,0.00,0.000,0.000,0.000,0.000,0.000,0.000,0.00,0.00,0.00,0.0,0.0,
119,1768206996401,25536,60.00,0.00,30.82,62.51,0.00,0.00,0.00,0.00,0,0,0,0,0.0000,0.0000,0.00,0.00,0.00,0.000,0.000,0.000,0.000,0.000,0.000,0.00,0.00,0.00,0.0,0.0,
120,1768206996601,25736,60.00,0.00,31.76,0.00,0.00,0.00,0.00,0.00,0,0,0,0,0.0000,0.0000,0.00,0.00,0.00,0.000,0.000,0.000,0.000,0.000,0.000,0.00,0.00,0.00,0.0,0.0,
121,1768206996801,25936,42.00,0.00,31.23,55.26,0.00,0.00,0.00,0.00,0,0,0,0,0.0000,0.0000,0.00,0.00,0.00,0.000,0.000,0.000,0.000,0.000,0.000,0.00,0.00,0.00,0.0,0.0,
122,1768206997001,26136,72.00,0.00,32.36,0.00,0.00,0.00,0.00,0.00,0,0,0,0,0.0000,0.0000,0.00,0.00,0.00,0.000,0.000,0.000,0.000,0.000,0.000,0.00,0.00,0.00,0.0,0.0,
123,1768206997201,26336,42.00,0.00,30.68,35.70,0.00,0.00,0.00,0.00,0,0,0,0,0.0000,0.0000,0.00,0.00,0.00,0.000,0.000,0.000,0.000,0.000,0.000,0.00,0.00,0.00,0.0,0.0,
124,1768206998401,26536,432.00,0.00,32.12,0.07,0.00,0.00,0.00,0.00,0,0,0,0,0.0000,0.0000,0.00,0.00,0.00,0.000,0.000,0.000,0.000,0.000,0.000,0.00,0.00,0.00,0.0,0.0,
125,1768206998601,26736,60.00,0.00,30.70,61.26,0.00,0.00,0.00,0.00,0,0,0,0,0.0000,0.0000,0.00,0.00,0.00,0.000,0.000,0.000,0.000,0.000,0.000,0.00,0.00,0.00,0.0,0.0,
126,1768206998801,26936,498.00,0.00,31.87,0.00,0.00,0.00,0.00,0.00,0,0,0,0,0.0000,0.0000,0.00,0.00,0.00,0.000,0.000,0.000,0.000,0.000,0.000,0.00,0.00,0.00,0.0,0.0,
127,1768206999001,27136,30.00,0.00,32.11,49.80,0.00,0.00,0.00,0.00,0,0,0,0,0.0000,0.0000,0.00,0.00,0.00,0.000,0.000,0.000,0.000,0.000,0.000,0.00,0.00,0.00,0.0,0.0,
128,1768206999201,27336,504.00,0.00,31.92,0.07,0.00,0.00,0.00,0.00,0,0,0,0,0.0000,0.0000,0.00,0.00,0.00,0.000,0.000,0.000,0.000,0.000,0.000,0.00,0.00,0.00,0.0,0.0,
129,1768207000401,27536,72.00,0.00,31.26,19.80,0.00,0.00,0.00,0.00,0,0,0,0,0.0000,0.0000,0.00,0.00,0.00,0.000,0.000,0.000,0.000,0.000,0.000,0.00,0.00,0.00,0.0,0.0,
130,1768207000601,27736,240.00,0.00,32.16,0.00,0.00,0.00,0.00,0.00,0,0,0,0,0.0000,0.0000,0.00,0.00,0.00,0.000,0.000,0.000,0.000,0.000,0.000,0.00,0.00,0.00,0.0,0.0,
131,1768207000801,27936,48.00,0.00,31.15,30.46,0.00,0.00,0.00,0.00,0,0,0,0,0.0000,0.0000,0.00,0.00,0.00,0.000,0.000,0.000,0.000,0.000,0.000,0.00,0.00,0.00,0.0,0.0,
132,1768207001001,28136,168.00,0.00,31.63,0.00,0.00,0.00,0.00,0.00,0,0,0,0,0.0000,0.0000,0.00,0.00,0.00,0.000,0.000,0.000,0.000,0.000,0.000,0.00,0.00,0.00,0.0,0.0,
133,1768207001201,28336,108.00,0.00,31.48,2.23,0.00,0.00,0.00,0.00,0,0,0,0,0.0000,0.0000,0.00,0.00,0.00,0.000,0.000,0.000,0.000,0.000,0.000,0.00,0.00,0.00,0.0,0.0,
134,1768207002401,28536,312.00,0.00,31.76,0.37,0.00,0.00,0.00,0.00,0,0,0,0,0.0000,0.0000,0.00,0.00,0.00,0.000,0.000,0.000,0.000,0.000,0.000,0.00,0.00,0.00,0.0,0.0,
135,1768207002601,28736,72.00,0.00,31.48,44.19,0.00,0.00,0.00,0.00,0,0,0,0,0.0000,0.0000,0.00,0.00,0.00,0.000,0.000,0.000,0.000,0.000,0.000,0.00,0.00,0.00,0.0,0.0,
136,1768207002801,28936,372.00,0.00,31.89,20.66,0.00,0.00,0.00,0.00,0,0,0,0,0.0000,0.0000,0.00,0.00,0.00,0.000,0.000,0.000,0.000,0.000,0.000,0.00,0.00,0.00,0.0,0.0,
137,1768207003001,29136,60.00,0.00,32.33,0.00,0.00,0.00,0.00,0.00,0,0,0,0,0.0000,0.0000,0.00,0.00,0.00,0.000,0.000,0.000,0.000,0.000,0.000,0.00,0.00,0.00,0.0,0.0,
138,1768207003201,29336,72.00,0.00,32.07,0.09,0.00,0.00,0.00,0.00,0,0,0,0,0.0000,0.0000,0.00,0.00,0.00,0.000,0.000,0.000,0.000,0.000,0.000,0.00,0.00,0.00,0.0,0.0,
139,1768207004401,29536,48.00,0.00,32.36,0.00,0.00,0.00,0.00,0.00,0,0,0,0,0.0000,0.0000,0.00,0.00,0.00,0.000,0.000,0.000,0.000,0.000,0.000,0.00,0.00,0.00,0.0,0.0,
140,1768207004601,29736,66.00,0.00,32.07,0.00,0.00,0.00,0.00,0.00,0,0,0,0,0.0000,0.0000,0.00,0.00,0.00,0.000,0.000,0.000,0.000,0.000,0.000,0.00,0.00,0.00,0.0,0.0,
141,1768207004801,29936,186.00,0.00,32.58,0.00,0.00,0.00,0.00,0.00,0,0,0,0,0.0000,0.0000,0.00,0.00,0.00,0.000,0.000,0.000,0.000,0.000,0.000,0.00,0.00,0.00,0.0,0.0,
142,1768207005001,30136,60.00,0.00,32.20,0.00,0.00,0.00,0.00,0.00,0,0,0,0,0.0000,0.0000,0.00,0.00,0.00,0.000,0.000,0.000,0.000,0.000,0.000,0.00,0.00,0.00,0.0,0.0,
143,1768207005201,30336,54.00,0.00,31.63,0.49,0.00,0.00,0.00,0.00,0,0,0,0,0.0000,0.0000,0.00,0.00,0.00,0.000,0.000,0.000,0.000,0.000,0.000,0.00,0.00,0.00,0.0,0.0,
144,1768207006401,30536,84.00,0.00,31.85,0.00,0.00,0.00,0.00,0.00,0,0,0,0,0.0000,0.0000,0.00,0.00,0.00,0.000,0.000,0.000,0.000,0.000,0.000,0.00,0.00,0.00,0.0,0.0,
145,1768207006601,30736,24.00,0.00,31.96,0.16,0.00,0.00,0.00,0.00,0,0,0,0,0.0000,0.0000,0.00,0.00,0.00,0.000,0.000,0.000,0.000,0.000,0.000,0.00,0.00,0.00,0.0,0.0,
146,1768207006801,30936,48.00,0.00,31.81,0.07,0.00,0.00,0.00,0.00,0,0,0,0,0.0000,0.0000,0.00,0.00,0.00,0.000,0.000,0.000,0.000,0.000,0.000,0.00,0.00,0.00,0.0,0.0,
147,1768207007001,31136,144.00,0.00,31.92,0.00,0.00,0.00,0.00,0.00,0,0,0,0,0.0000,0.0000,0.00,0.00,0.00,0.000,0.000,0.000,0.000,0.000,0.000,0.00,0.00,0.00,0.0,0.0,
148,1768207007201,31336,12.00,0.00,32.16,0.07,0.00,0.00,0.00,0.00,0,0,0,0,0.0000,0.0000,0.00,0.00,0.00,0.000,0.000,0.000,0.000,0.000,0.000,0.00,0.00,0.00,0.0,0.0,
149,1768207008401,31536,60.00,0.00,31.78,0.00,0.00,0.00,0.00,0.00,0,0,0,0,0.0000,0.0000,0.00,0.00,0.00,0.000,0.000,0.000,0.000,0.000,0.000,0.00,0.00,0.00,0.0,0.0,
150,1768207008601,31736,60.00,0.00,32.44,0.00,0.00,0.00,0.00,0.00,0,0,0,0,0.0000,0.0000,0.00,0.00,0.00,0.000,0.000,0.000,0.000,0.000,0.000,0.00,0.00,0.00,0.0,0.0,
151,1768207008801,31936,90.00,0.00,32.09,0.00,0.00,0.00,0.00,0.00,0,0,0,0,0.0000,0.0000,0.00,0.00,0.00,0.000,0.000,0.000,0.000,0.000,0.000,0.00,0.00,0.00,0.0,0.0,
152,1768207009001,32136,114.00,0.00,32.29,0.00,0.00,0.00,0.00,0.00,0,0,0,0,0.0000,0.0000,0.00,0.00,0.00,0.000,0.000,0.000,0.000,0.000,0.000,0.00,0.00,0.00,0.0,0.0,
153,1768207009201,32336,66.00,0.00,32.00,0.00,0.00,0.00,0.00,0.00,0,0,0,0,0.0000,0.0000,0.00,0.00,0.00,0.000,0.000,0.000,0.000,0.000,0.000,0.00,0.00,0.00,0.0,0.0,
154,1768207010401,32536,84.00,0.00,31.48,0.22,0.00,0.00,0.00,0.00,0,0,0,0,0.0000,0.0000,0.00,0.00,0.00,0.000,0.000,0.000,0.000,0.000,0.000,0.00,0.00,0.00,0.0,0.0,
155,1768207010601,32736,90.00,0.00,31.96,0.00,0.00,0.00,0.00,0.00,0,0,0,0,0.0000,0.0000,0.00,0.00,0.00,0.000,0.000,0.000,0.000,0.000,0.000,0.00,0.00,0.00,0.0,0.0,
156,1768207010801,32936,72.00,0.00,32.38,0.00,0.00,0.00,0.00,0.00,0,0,0,0,0.0000,0.0000,0.00,0.00,0.00,0.000,0.000,0.000,0.000,0.000,0.000,0.00,0.00,0.00,0.0,0.0,
157,1768207011001,33136,78.00,0.00,31.34,0.09,0.00,0.00,0.00,0.00,0,0,0,0,0.0000,0.0000,0.00,0.00,0.00,0.000,0.000,0.000,0.000,0.000,0.000,0.00,0.00,0.00,0.0,0.0,
158,1768207011201,33336,120.00,0.00,32.07,0.00,0.00,0.00,0.00,0.00,0,0,0,0,0.0000,0.0000,0.00,0.00,0.00,0.000,0.000,0.000,0.000,0.000,0.000,0.00,0.00,0.00,0.0,0.0,
159,1768207012401,33536,36.00,0.00,31.85,0.00,0.00,0.00,0.00,0.00,0,0,0,0,0.0000,0.0000,0.00,0.00,0.00,0.000,0.000,0.000,0.000,0.000,0.000,0.00,0.00,0.00,0.0,0.0,
160,1768207012601,33736,54.00,0.00,31.81,0.13,0.00,0.00,0.00,0.00,0,0,0,0,0.0000,0.0000,0.00,0.00,0.00,0.000,0.000,0.000,0.000,0.000,0.000,0.00,0.00,0.00,0.0,0.0,
161,1768207012801,33936,72.00,0.00,32.29,0.00,0.00,0.00,0.00,0.00,0,0,0,0,0.0000,0.0000,0.00,0.00,0.00,0.000,0.000,0.000,0.000,0.000,0.000,0.00,0.00,0.00,0.0,0.0,
162,1768207013001,34136,66.00,0.00,32.07,0.18,0.00,0.00,0.00,0.00,0,0,0,0,0.0000,0.0000,0.00,0.00,0.00,0.000,0.000,0.000,0.000,0.000,0.000,0.00,0.00,0.00,0.0,0.0,
163,1768207013201,34336,90.00,0.00,31.65,0.00,0.00,0.00,0.00,0.00,0,0,0,0,0.0000,0.0000,0.00,0.00,0.00,0.000,0.000,0.000,0.000,0.000,0.000,0.00,0.00,0.00,0.0,0.0,
164,1768207014401,34536,78.00,0.00,31.50,0.00,0.00,0.00,0.00,0.00,0,0,0,0,0.0000,0.0000,0.00,0.00,0.00,0.000,0.000,0.000,0.000,0.000,0.000,0.00,0.00,0.00,0.0,0.0,
165,1768207014601,34736,60.00,0.00,31.34,56.17,0.00,0.00,0.00,0.00,0,0,0,0,0.0000,0.0000,0.00,0.00,0.00,0.000,0.000,0.000,0.000,0.000,0.000,0.00,0.00,0.00,0.0,0.0,
166,1768207014801,34936,78.00,0.00,32.18,0.00,0.00,0.00,0.00,0.00,0,0,0,0,0.0000,0.0000,0.00,0.00,0.00,0.000,0.000,0.000,0.000,0.000,0.000,0.00,0.00,0.00,0.0,0.0,
167,1768207015001,35136,90.00,0.00,31.92,0.20,0.00,0.00,0.00,0.00,0,0,0,0,0.0000,0.0000,0.00,0.00,0.00,0.000,0.000,0.000,0.000,0.000,0.000,0.00,0.00,0.00,0.0,0.0,
168,1768207015201,35336,60.00,0.00,32.00,0.22,0.00,0.00,0.00,0.00,0,0,0,0,0.0000,0.0000,0.00,0.00,0.00,0.000,0.000,0.000,0.000,0.000,0.000,0.00,0.00,0.00,0.0,0.0,
169,1768207016401,35536,60.00,0.00,31.63,0.00,0.00,0.00,0.00,0.00,0,0,0,0,0.0000,0.0000,0.00,0.00,0.00,0.000,0.000,0.000,0.000,0.000,0.000,0.00,0.00,0.00,0.0,0.0,
170,1768207016601,35736,30.00,0.00,31.76,0.00,0.00,0.00,0.00,0.00,0,0,0,0,0.0000,0.0000,0.00,0.00,0.00,0.000,0.000,0.000,0.000,0.000,0.000,0.00,0.00,0.00,0.0,0.0,
171,1768207016801,35936,60.00,0.00,32.00,0.00,0.00,0.00,0.00,0.00,0,0,0,0,0.0000,0.0000,0.00,0.00,0.00,0.000,0.000,0.000,0.000,0.000,0.000,0.00,0.00,0.00,0.0,0.0,
172,1768207017001,36136,72.00,0.00,31.61,0.00,0.00,0.00,0.00,0.00,0,0,0,0,0.0000,0.0000,0.00,0.00,0.00,0.000,0.000,0.000,0.000,0.000,0.000,0.00,0.00,0.00,0.0,0.0,
173,1768207017201,36336,78.00,0.00,31.87,0.00,0.00,0.00,0.00,0.00,0,0,0,0,0.0000,0.0000,0.00,0.00,0.00,0.000,0.000,0.000,0.000,0.000,0.000,0.00,0.00,0.00,0.0,0.0,
174,1768207018401,36536,54.00,0.00,31.81,0.11,0.00,0.00,0.00,0.00,0,0,0,0,0.0000,0.0000,0.00,0.00,0.00,0.000,0.000,0.000,0.000,0.000,0.000,0.00,0.00,0.00,0.0,0.0,
175,1768207018601,36736,24.00,0.00,32.03,0.00,0.00,0.00,0.00,0.00,0,0,0,0,0.0000,0.0000,0.00,0.00,0.00,0.000,0.000,0.000,0.000,0.000,0.000,0.00,0.00,0.00,0.0,0.0,
176,1768207018801,36936,60.00,0.00,32.29,0.00,0.00,0.00,0.00,0.00,0,0,0,0,0.0000,0.0000,0.00,0.00,0.00,0.000,0.000,0.000,0.000,0.000,0.000,0.00,0.00,0.00,0.0,0.0,
177,1768207019001,37136,84.00,0.00,31.15,39.69,0.00,0.00,0.00,0.00,0,0,0,0,0.0000,0.0000,0.00,0.00,0.00,0.000,0.000,0.000,0.000,0.000,0.000,0.00,0.00,0.00,0.0,0.0,
178,1768207019201,37336,84.00,0.00,30.93,16.54,0.00,0.00,0.00,0.00,0,0,0,0,0.0000,0.0000,0.00,0.00,0.00,0.000,0.000,0.000,0.000,0.000,0.000,0.00,0.00,0.00,0.0,0.0,
179,1768207020401,37536,156.00,0.00,30.90,36.17,0.00,0.00,0.00,0.00,0,0,0,0,0.0000,0.0000,0.00,0.00,0.00,0.000,0.000,0.000,0.000,0.000,0.000,0.00,0.00,0.00,0.0,0.0,
180,1768207020601,37736,78.00,0.00,32.47,0.00,0.00,0.00,0.00,0.00,0,0,0,0,0.0000,0.0000,0.00,0.00,0.00,0.000,0.000,0.000,0.000,0.000,0.000,0.00,0.00,0.00,0.0,0.0,
181,1768207020801,37936,66.00,0.00,31.78,0.00,0.00,0.00,0.00,0.00,0,0,0,0,0.0000,0.0000,0.00,0.00,0.00,0.000,0.000,0.000,0.000,0.000,0.000,0.00,0.00,0.00,0.0,0.0,
182,1768207021001,38136,72.00,0.00,31.78,0.00,0.00,0.00,0.00,0.00,0,0,0,0,0.0000,0.0000,0.00,0.00,0.00,0.000,0.000,0.000,0.000,0.000,0.000,0.00,0.00,0.00,0.0,0.0,
183,1768207021201,38336,60.00,0.00,32.42,0.00,0.00,0.00,0.00,0.00,0,0,0,0,0.0000,0.0000,0.00,0.00,0.00,0.000,0.000,0.000,0.000,0.000,0.000,0.00,0.00,0.00,0.0,0.0,
184,1768207022401,38536,24.00,0.00,32.44,0.00,0.00,0.00,0.00,0.00,0,0,0,0,0.0000,0.0000,0.00,0.00,0.00,0.000,0.000,0.000,0.000,0.000,0.000,0.00,0.00,0.00,0.0,0.0,
185,1768207022601,38736,30.00,0.00,31.98,0.00,0.00,0.00,0.00,0.00,0,0,0,0,0.0000,0.0000,0.00,0.00,0.00,0.000,0.000,0.000,0.000,0.000,0.000,0.00,0.00,0.00,0.0,0.0,
186,1768207022801,38936,60.00,0.00,31.85,0.02,0.00,0.00,0.00,0.00,0,0,0,0,0.0000,0.0000,0.00,0.00,0.00,0.000,0.000,0.000,0.000,0.000,0.000,0.00,0.00,0.00,0.0,0.0,
187,1768207023001,39136,48.00,0.00,32.07,0.05,0.00,0.00,0.00,0.00,0,0,0,0,0.0000,0.0000,0.00,0.00,0.00,0.000,0.000,0.000,0.000,0.000,0.000,0.00,0.00,0.00,0.0,0.0,
188,1768207023201,39336,36.00,0.00,32.11,0.00,0.00,0.00,0.00,0.00,0,0,0,0,0.0000,0.0000,0.00,0.00,0.00,0.000,0.000,0.000,0.000,0.000,0.000,0.00,0.00,0.00,0.0,0.0,
189,1768207024401,39536,36.00,0.00,32.40,0.00,0.00,0.00,0.00,0.00,0,0,0,0,0.0000,0.0000,0.00,0.00,0.00,0.000,0.000,0.000,0.000,0.000,0.000,0.00,0.00,0.00,0.0,0.0,
190,1768207024601,39736,36.00,0.00,32.00,0.00,0.00,0.00,0.00,0.00,0,0,0,0,0.0000,0.0000,0.00,0.00,0.00,0.000,0.000,0.000,0.000,0.000,0.000,0.00,0.00,0.00,0.0,0.0,
191,1768207024801,39936,54.00,0.00,32.42,0.00,0.00,0.00,0.00,0.00,0,0,0,0,0.0000,0.0000,0.00,0.00,0.00,0.000,0.000,0.000,0.000,0.000,0.000,0.00,0.00,0.00,0.0,0.0,
192,1768207025001,40136,102.00,0.00,31.90,0.00,0.00,0.00,0.00,0.00,0,0,0,0,0.0000,0.0000,0.00,0.00,0.00,0.000,0.000,0.000,0.000,0.000,0.000,0.00,0.00,0.00,0.0,0.0,
193,1768207025201,40336,48.00,0.00,32.12,0.05,0.00,0.00,0.00,0.00,0,0,0,0,0.0000,0.0000,0.00,0.00,0.00,0.000,0.000,0.000,0.000,0.000,0.000,0.00,0.00,0.00,0.0,0.0,
194,1768207026401,40536,204.00,0.00,32.00,0.07,0.00,0.00,0.00,0.00,0,0,0,0,0.0000,0.0000,0.00,0.00,0.00,0.000,0.000,0.000,0.000,0.000,0.000,0.00,0.00,0.00,0.0,0.0,
195,1768207026601,40736,66.00,0.00,31.78,0.00,0.00,0.00,0.00,0.00,0,0,0,0,0.0000,0.0000,0.00,0.00,0.00,0.000,0.000,0.000,0.000,0.000,0.000,0.00,0.00,0.00,0.0,0.0,
196,1768207026801,40936,54.00,0.00,31.90,0.00,0.00,0.00,0.00,0.00,0,0,0,0,0.0000,0.0000,0.00,0.00,0.00,0.000,0.000,0.000,0.000,0.000,0.000,0.00,0.00,0.00,0.0,0.0,
197,1768207027001,41136,54.00,0.00,32.33,0.00,0.00,0.00,0.00,0.00,0,0,0,0,0.0000,0.0000,0.00,0.00,0.00,0.000,0.000,0.000,0.000,0.000,0.000,0.00,0.00,0.00,0.0,0.0,
198,1768207027201,41336,108.00,0.00,31.85,0.00,0.00,0.00,0.00,0.00,0,0,0,0,0.0000,0.0000,0.00,0.00,0.00,0.000,0.000,0.000,0.000,0.000,0.000,0.00,0.00,0.00,0.0,0.0,
199,1768207028401,41536,78.00,0.00,32.36,0.00,0.00,0.00,0.00,0.00,0,0,0,0,0.0000,0.0000,0.00,0.00,0.00,0.000,0.000,0.000,0.000,0.000,0.000,0.00,0.00,0.00,0.0,0.0,
200,1768207028601,41736,54.00,0.00,31.23,50.09,0.00,0.00,0.00,0.00,0,0,0,0,0.0000,0.0000,0.00,0.00,0.00,0.000,0.000,0.000,0.000,0.000,0.000,0.00,0.00,0.00,0.0,0.0,
201,1768207028801,41936,48.00,0.00,32.07,0.00,0.00,0.00,0.00,0.00,0,0,0,0,0.0000,0.0000,0.00,0.00,0.00,0.000,0.000,0.000,0.000,0.000,0.000,0.00,0.00,0.00,0.0,0.0,
202,1768207029001,42136,60.00,0.00,31.06,54.38,0.00,0.00,0.00,0.00,0,0,0,0,0.0000,0.0000,0.00,0.00,0.00,0.000,0.000,0.000,0.000,0.000,0.000,0.00,0.00,0.00,0.0,0.0,
203,1768207029201,42336,30.00,0.00,31.83,0.02,0.00,0.00,0.00,0.00,0,0,0,0,0.0000,0.0000,0.00,0.00,0.00,0.000,0.000,0.000,0.000,0.000,0.000,0.00,0.00,0.00,0.0,0.0,
204,1768207030401,42536,48.00,0.00,31.04,50.92,0.00,0.00,0.00,0.00,0,0,0,0,0.0000,0.0000,0.00,0.00,0.00,0.000,0.000,0.000,0.000,0.000,0.000,0.00,0.00,0.00,0.0,0.0,
205,1768207030601,42736,78.00,0.00,31.92,0.00,0.00,0.00,0.00,0.00,0,0,0,0,0.0000,0.0000,0.00,0.00,0.00,0.000,0.000,0.000,0.000,0.000,0.000,0.00,0.00,0.00,0.0,0.0,
206,1768207030801,42936,66.00,0.00,31.21,54.34,0.00,0.00,0.00,0.00,0,0,0,0,0.0000,0.0000,0.00,0.00,0.00,0.000,0.000,0.000,0.000,0.000,0.000,0.00,0.00,0.00,0.0,0.0,
207,1768207031001,43136,54.00,0.00,32.11,0.00,0.00,0.00,0.00,0.00,0,0,0,0,0.0000,0.0000,0.00,0.00,0.00,0.000,0.000,0.000,0.000,0.000,0.000,0.00,0.00,0.00,0.0,0.0,
208,1768207031201,43336,36.00,0.00,31.32,38.44,0.00,0.00,0.00,0.00,0,0,0,0,0.0000,0.0000,0.00,0.00,0.00,0.000,0.000,0.000,0.000,0.000,0.000,0.00,0.00,0.00,0.0,0.0,
209,1768207032401,43536,618.00,0.00,31.59,0.00,0.00,0.00,0.00,0.00,0,0,0,0,0.0000,0.0000,0.00,0.00,0.00,0.000,0.000,0.000,0.000,0.000,0.000,0.00,0.00,0.00,0.0,0.0,
210,1768207032601,43736,54.00,0.00,31.85,0.11,0.00,0.00,0.00,0.00,0,0,0,0,0.0000,0.0000,0.00,0.00,0.00,0.000,0.000,0.000,0.000,0.000,0.000,0.00,0.00,0.00,0.0,0.0,
211,1768207032801,43936,42.00,0.00,31.81,0.00,0.00,0.00,0.00,0.00,0,0,0,0,0.0000,0.0000,0.00,0.00,0.00,0.000,0.000,0.000,0.000,0.000,0.000,0.00,0.00,0.00,0.0,0.0,
212,1768207033001,44136,24.00,0.00,32.01,0.00,0.00,0.00,0.00,0.00,0,0,0,0,0.0000,0.0000,0.00,0.00,0.00,0.000,0.000,0.000,0.000,0.000,0.000,0.00,0.00,0.00,0.0,0.0,
213,1768207033201,44336,36.00,0.00,32.40,0.00,0.00,0.00,0.00,0.00,0,0,0,0,0.0000,0.0000,0.00,0.00,0.00,0.000,0.000,0.000,0.000,0.000,0.000,0.00,0.00,0.00,0.0,0.0,
214,1768207034401,44536,42.00,0.00,32.12,0.00,0.00,0.00,0.00,0.00,0,0,0,0,0.0000,0.0000,0.00,0.00,0.00,0.000,0.000,0.000,0.000,0.000,0.000,0.00,0.00,0.00,0.0,0.0,
215,1768207034601,44736,54.00,0.00,31.74,0.22,0.00,0.00,0.00,0.00,0,0,0,0,0.0000,0.0000,0.00,0.00,0.00,0.000,0.000,0.000,0.000,0.000,0.000,0.00,0.00,0.00,0.0,0.0,
216,1768207034801,44936,30.00,0.00,31.21,67.09,0.00,0.00,0.00,0.00,0,0,0,0,0.0000,0.0000,0.00,0.00,0.00,0.000,0.000,0.000,0.000,0.000,0.000,0.00,0.00,0.00,0.0,0.0,
217,1768207035001,45136,42.00,0.00,31.79,0.00,0.00,0.00,0.00,0.00,0,0,0,0,0.0000,0.0000,0.00,0.00,0.00,0.000,0.000,0.000,0.000,0.000,0.000,0.00,0.00,0.00,0.0,0.0,
218,1768207035201,45336,18.00,0.00,31.04,8.55,0.00,0.00,0.00,0.00,0,0,0,0,0.0000,0.0000,0.00,0.00,0.00,0.000,0.000,0.000,0.000,0.000,0.000,0.00,0.00,0.00,0.0,0.0,
219,1768207036401,45536,60.00,0.00,31.87,0.35,0.00,0.00,0.00,0.00,0,0,0,0,0.0000,0.0000,0.00,0.00,0.00,0.000,0.000,0.000,0.000,0.000,0.000,0.00,0.00,0.00,0.0,0.0,
220,1768207036601,45736,18.00,0.00,32.36,0.00,0.00,0.00,0.00,0.00,0,0,0,0,0.0000,0.0000,0.00,0.00,0.00,0.000,0.000,0.000,0.000,0.000,0.000,0.00,0.00,0.00,0.0,0.0,
221,1768207036801,45936,42.00,0.00,31.79,43.50,0.00,0.00,0.00,0.00,0,0,0,0,0.0000,0.0000,0.00,0.00,0.00,0.000,0.000,0.000,0.000,0.000,0.000,0.00,0.00,0.00,0.0,0.0,
222,1768207037001,46136,36.00,0.00,30.73,2.69,0.00,0.00,0.00,0.00,0,0,0,0,0.0000,0.0000,0.00,0.00,0.00,0.000,0.000,0.000,0.000,0.000,0.000,0.00,0.00,0.00,0.0,0.0,
223,1768207037201,46336,30.00,0.00,31.58,0.00,0.00,0.00,0.00,0.00,0,0,0,0,0.0000,0.0000,0.00,0.00,0.00,0.000,0.000,0.000,0.000,0.000,0.000,0.00,0.00,0.00,0.0,0.0,
224,1768207038401,46536,60.00,0.00,31.89,0.02,0.00,0.00,0.00,0.00,0,0,0,0,0.0000,0.0000,0.00,0.00,0.00,0.000,0.000,0.000,0.000,0.000,0.000,0.00,0.00,0.00,0.0,0.0,
225,1768207038601,46736,36.00,0.00,32.14,0.00,0.00,0.00,0.00,0.00,0,0,0,0,0.0000,0.0000,0.00,0.00,0.00,0.000,0.000,0.000,0.000,0.000,0.000,0.00,0.00,0.00,0.0,0.0,
226,1768207038801,46936,48.00,0.00,32.07,0.00,0.00,0.00,0.00,0.00,0,0,0,0,0.0000,0.0000,0.00,0.00,0.00,0.000,0.000,0.000,0.000,0.000,0.000,0.00,0.00,0.00,0.0,0.0,
227,1768207039001,47136,66.00,0.00,32.01,0.09,0.00,0.00,0.00,0.00,0,0,0,0,0.0000,0.0000,0.00,0.00,0.00,0.000,0.000,0.000,0.000,0.000,0.000,0.00,0.00,0.00,0.0,0.0,
228,1768207039201,47336,48.00,0.00,32.18,0.00,0.00,0.00,0.00,0.00,0,0,0,0,0.0000,0.0000,0.00,0.00,0.00,0.000,0.000,0.000,0.000,0.000,0.000,0.00,0.00,0.00,0.0,0.0,
229,1768207040401,47536,36.00,0.00,31.85,0.00,0.00,0.00,0.00,0.00,0,0,0,0,0.0000,0.0000,0.00,0.00,0.00,0.000,0.000,0.000,0.000,0.000,0.000,0.00,0.00,0.00,0.0,0.0,
230,1768207040601,47736,48.00,0.00,32.22,0.00,0.00,0.00,0.00,0.00,0,0,0,0,0.0000,0.0000,0.00,0.00,0.00,0.000,0.000,0.000,0.000,0.000,0.000,0.00,0.00,0.00,0.0,0.0,
231,1768207040801,47936,30.00,0.00,31.61,0.00,0.00,0.00,0.00,0.00,0,0,0,0,0.0000,0.0000,0.00,0.00,0.00,0.000,0.000,0.000,0.000,0.000,0.000,0.00,0.00,0.00,0.0,0.0,
232,1768207041001,48136,36.00,0.00,32.44,0.00,0.00,0.00,0.00,0.00,0,0,0,0,0.0000,0.0000,0.00,0.00,0.00,0.000,0.000,0.000,0.000,0.000,0.000,0.00,0.00,0.00,0.0,0.0,
233,1768207041201,48336,42.00,0.00,32.11,0.11,0.00,0.00,0.00,0.00,0,0,0,0,0.0000,0.0000,0.00,0.00,0.00,0.000,0.000,0.000,0.000,0.000,0.000,0.00,0.00,0.00,0.0,0.0,
234,1768207042401,48536,42.00,0.00,31.85,0.00,0.00,0.00,0.00,0.00,0,0,0,0,0.0000,0.0000,0.00,0.00,0.00,0.000,0.000,0.000,0.000,0.000,0.000,0.00,0.00,0.00,0.0,0.0,
235,1768207042601,48736,78.00,0.00,31.59,0.00,0.00,0.00,0.00,0.00,0,0,0,0,0.0000,0.0000,0.00,0.00,0.00,0.000,0.000,0.000,0.000,0.000,0.000,0.00,0.00,0.00,0.0,0.0,
236,1768207042801,48936,54.00,0.00,31.87,0.04,0.00,0.00,0.00,0.00,0,0,0,0,0.0000,0.0000,0.00,0.00,0.00,0.000,0.000,0.000,0.000,0.000,0.000,0.00,0.00,0.00,0.0,0.0,
237,1768207043001,49136,30.00,0.00,32.33,0.00,0.00,0.00,0.00,0.00,0,0,0,0,0.0000,0.0000,0.00,0.00,0.00,0.000,0.000,0.000,0.000,0.000,0.000,0.00,0.00,0.00,0.0,0.0,
238,1768207043201,49336,48.00,0.00,32.11,0.00,0.00,0.00,0.00,0.00,0,0,0,0,0.0000,0.0000,0.00,0.00,0.00,0.000,0.000,0.000,0.000,0.000,0.000,0.00,0.00,0.00,0.0,0.0,
239,1768207044401,49536,30.00,0.00,31.78,0.05,0.00,0.00,0.00,0.00,0,0,0,0,0.0000,0.0000,0.00,0.00,0.00,0.000,0.000,0.000,0.000,0.000,0.000,0.00,0.00,0.00,0.0,0.0,
240,1768207044601,49736,36.00,0.00,31.81,0.00,0.00,0.00,0.00,0.00,0,0,0,0,0.0000,0.0000,0.00,0.00,0.00,0.000,0.000,0.000,0.000,0.000,0.000,0.00,0.00,0.00,0.0,0.0,
241,1768207044801,49936,36.00,0.00,32.00,0.13,0.00,0.00,0.00,0.00,0,0,0,0,0.0000,0.0000,0.00,0.00,0.00,0.000,0.000,0.000,0.000,0.000,0.000,0.00,0.00,0.00,0.0,0.0,
242,1768207045001,50136,42.00,0.00,32.00,0.31,0.00,0.00,0.00,0.00,0,0,0,0,0.0000,0.0000,0.00,0.00,0.00,0.000,0.000,0.000,0.000,0.000,0.000,0.00,0.00,0.00,0.0,0.0,
243,1768207045201,50336,36.00,0.00,31.01,24.52,0.00,0.00,0.00,0.00,0,0,0,0,0.0000,0.0000,0.00,0.00,0.00,0.000,0.000,0.000,0.000,0.000,0.000,0.00,0.00,0.00,0.0,0.0,
244,1768207046401,50536,66.00,0.00,32.18,0.09,0.00,0.00,0.00,0.00,0,0,0,0,0.0000,0.0000,0.00,0.00,0.00,0.000,0.000,0.000,0.000,0.000,0.000,0.00,0.00,0.00,0.0,0.0,
245,1768207046601,50736,48.00,0.00,32.20,58.75,0.00,0.00,0.00,0.00,0,0,0,0,0.0000,0.0000,0.00,0.00,0.00,0.000,0.000,0.000,0.000,0.000,0.000,0.00,0.00,0.00,0.0,0.0,
246,1768207046801,50936,60.00,0.00,31.90,0.00,0.00,0.00,0.00,0.00,0,0,0,0,0.0000,0.0000,0.00,0.00,0.00,0.000,0.000,0.000,0.000,0.000,0.000,0.00,0.00,0.00,0.0,0.0,
247,1768207047001,51136,66.00,0.00,32.80,64.34,0.00,0.00,0.00,0.00,0,0,0,0,0.0000,0.0000,0.00,0.00,0.00,0.000,0.000,0.000,0.000,0.000,0.000,0.00,0.00,0.00,0.0,0.0,
248,1768207047201,51336,42.00,0.00,31.61,0.18,0.00,0.00,0.00,0.00,0,0,0,0,0.0000,0.0000,0.00,0.00,0.00,0.000,0.000,0.000,0.000,0.000,0.000,0.00,0.00,0.00,0.0,0.0,
249,1768207048401,51536,18.00,0.00,31.41,65.49,0.00,0.00,0.00,0.00,0,0,0,0,0.0000,0.0000,0.00,0.00,0.00,0.000,0.000,0.000,0.000,0.000,0.000,0.00,0.00,0.00,0.0,0.0,
250,1768207048601,51736,72.00,0.00,32.36,0.00,0.00,0.00,0.00,0.00,0,0,0,0,0.0000,0.0000,0.00,0.00,0.00,0.000,0.000,0.000,0.000,0.000,0.000,0.00,0.00,0.00,0.0,0.0,
251,1768207048801,51936,42.00,0.00,31.28,59.25,0.00,0.00,0.00,0.00,0,0,0,0,0.0000,0.0000,0.00,0.00,0.00,0.000,0.000,0.000,0.000,0.000,0.000,0.00,0.00,0.00,0.0,0.0,
252,1768207049001,52136,228.00,0.00,31.79,0.05,0.00,0.00,0.00,0.00,0,0,0,0,0.0000,0.0000,0.00,0.00,0.00,0.000,0.000,0.000,0.000,0.000,0.000,0.00,0.00,0.00,0.0,0.0,
253,1768207049201,52336,30.00,0.00,30.97,39.49,0.00,0.00,0.00,0.00,0,0,0,0,0.0000,0.0000,0.00,0.00,0.00,0.000,0.000,0.000,0.000,0.000,0.000,0.00,0.00,0.00,0.0,0.0,
254,1768207050401,52536,420.00,0.00,30.99,37.09,0.00,0.00,0.00,0.00,0,0,0,0,0.0000,0.0000,0.00,0.00,0.00,0.000,0.000,0.000,0.000,0.000,0.000,0.00,0.00,0.00,0.0,0.0,
